nombre,lealtad,genero,noble,juego_de_tronos,choque_de_reyes,tormenta_de_espadas,festin_de_cuervos,danza_de_dragones,capitulo_presentacion,anio_muerte,libro_muerte,capitulo_muerte
Addam Marbrand,Lannister,1,1,1,1,1,1,0,56,NA,NA,NA
Aegon Frey (Jinglebell),Ninguna,1,1,0,0,1,0,0,49,299,3,51
Aegon Targaryen,Targaryen,1,1,0,0,0,0,1,5,NA,NA,NA
Adrack Humble,Greyjoy,1,1,0,0,0,0,1,20,300,5,20
Aemon Costayne,Lannister,1,1,0,0,1,0,0,NA,NA,NA,NA
Aemon Estermont,Baratheon,1,1,0,1,1,0,0,NA,NA,NA,NA
Aemon Targaryen (son of Maekar I),Guardia de la Noche,1,1,1,0,1,1,0,21,300,4,35
Aenys Frey,Ninguna,0,1,1,1,1,0,1,59,300,5,NA
Aeron Greyjoy,Greyjoy,1,1,0,1,0,1,0,11,NA,NA,NA
Aethan,Guardia de la Noche,1,0,0,0,1,0,0,0,NA,NA,NA
Aggar,Greyjoy,1,0,0,1,0,0,0,50,299,2,56
Aggo,Targaryen,1,0,1,1,1,0,1,54,NA,NA,NA
Alan of Rosby,Guardia de la Noche,1,1,0,1,1,0,1,18,300,5,4
Alayaya,Ninguna,0,0,0,1,0,0,0,15,NA,NA,NA
Albar Royce,Arryn,1,1,1,0,0,1,0,38,NA,NA,NA
Albett,Guardia de la Noche,1,0,1,0,0,0,0,26,NA,NA,NA
Alebelly,Stark,1,0,0,1,0,0,0,4,299,2,46
Alerie Hightower,Tyrell,0,1,0,0,1,1,0,6,NA,NA,NA
Alesander Staedmon,Baratheon,1,1,0,1,0,0,0,65,NA,NA,NA
Alester Florent,Baratheon,1,1,0,1,1,0,0,36,300,4,NA
Alia of Braavos,Ninguna,0,0,1,0,0,0,0,28,NA,NA,NA
Alla Tyrell,Tyrell,0,1,0,0,1,1,0,6,NA,NA,NA
Allard Seaworth,Baratheon,1,1,0,1,0,0,0,10,299,2,10
Alliser Thorne,Guardia de la Noche,1,0,1,1,1,0,1,19,NA,NA,NA
Alyn,Stark,1,0,1,0,0,0,0,12,298,3,34
Alyn Ambrose,Tyrell,1,1,0,1,0,1,0,59,NA,NA,NA
Alyn Estermont,Baratheon,1,1,0,1,1,0,0,NA,NA,NA,NA
Alyn Stackspear,Lannister,1,1,0,0,0,1,0,16,NA,NA,NA
Alys Karstark,Stark,0,1,0,0,0,0,1,44,NA,NA,NA
Alysane Mormont,Stark,0,1,0,0,0,0,1,35,NA,NA,NA
Alyx Frey,Ninguna,1,1,0,0,1,0,0,49,NA,NA,NA
Ambrode,Greyjoy,1,0,0,1,0,0,0,24,NA,NA,NA
Amory Lorch,Lannister,1,1,0,1,0,0,0,14,299,2,47
Andar Royce,Arryn,1,1,1,0,0,0,0,29,NA,NA,NA
Andrew Estermont,Baratheon,1,1,0,0,1,0,0,36,NA,NA,NA
Andrey Dalt,Martell,1,1,0,0,0,1,0,21,NA,NA,NA
Andrik,Greyjoy,1,1,0,0,0,1,0,19,NA,NA,NA
Anguy,Ninguna,1,0,1,0,1,0,0,30,NA,NA,NA
Antario Jast,Lannister,1,1,0,1,0,0,0,32,NA,NA,NA
Anvil Ryn,Ninguna,1,0,0,0,1,0,0,34,299,3,34
Anya Waynwood,Arryn,0,1,1,0,0,1,0,38,NA,NA,NA
Archibald Yronwood,Martell,1,1,0,0,0,0,1,6,NA,NA,NA
Ardrian Celtigar,Baratheon,1,1,0,1,1,0,0,10,NA,NA,NA
Areo Hotah,Martell,1,0,0,0,0,1,1,2,NA,NA,NA
Arianne Martell,Martell,0,1,0,0,0,1,1,2,NA,NA,NA
Arneld,Lannister,1,0,0,1,0,0,0,59,NA,NA,NA
Arnolf Karstark,Stark,1,1,0,0,0,0,1,3,NA,NA,NA
Aron Santagar,Lannister,1,1,1,1,0,0,0,18,299,2,41
Arron,Guardia de la Noche,1,0,0,0,1,0,1,75,NA,NA,NA
Arron Qorgyle,Martell,1,1,0,0,1,0,0,38,NA,NA,NA
Arryk (Guard),Tyrell,1,0,0,0,1,1,0,6,NA,NA,NA
Arson,Pueblo Libre,1,0,0,0,1,0,0,26,NA,NA,NA
Arthor Karstark,Stark,1,1,0,0,0,0,1,62,NA,NA,NA
Arwyn Frey,Ninguna,0,1,0,0,1,0,0,49,NA,NA,NA
Arwyn Oakheart,Tyrell,0,1,0,1,0,0,0,22,NA,NA,NA
Arya Stark,Stark,0,1,1,1,1,1,1,2,NA,NA,NA
Arys Oakheart,Lannister,1,1,1,1,0,1,0,57,300,4,21
Asha Greyjoy,Greyjoy,0,1,0,1,0,1,1,11,NA,NA,NA
Aurane Waters,Lannister,1,0,0,1,0,1,0,65,NA,NA,NA
Axell Florent,Baratheon,1,1,0,1,1,0,1,0,NA,NA,NA
Azzak,Ninguna,1,1,0,0,0,0,1,2,NA,NA,NA
Ballabar,Lannister,1,0,0,1,0,0,0,4,NA,NA,NA
Balon Swann,Lannister,1,1,1,1,1,1,1,29,NA,NA,NA
Bannen,Guardia de la Noche,1,0,0,0,1,0,0,0,299,3,33
Barbrey Dustin,Stark,0,1,0,0,0,0,1,26,NA,NA,NA
Barra,Ninguna,0,0,1,0,0,0,0,35,299,2,39
Barristan Selmy,Targaryen,1,1,1,1,1,0,1,15,NA,NA,NA
Barsena,Ninguna,0,0,0,0,0,0,1,11,300,5,52
Barth (brewer),Stark,1,0,0,1,0,0,0,50,NA,NA,NA
Bass,Guardia de la Noche,1,0,1,0,0,0,0,52,NA,NA,NA
Bayard Norcross,Tyrell,1,1,0,0,0,1,0,28,NA,NA,NA
Bearded Ben,Guardia de la Noche,1,0,0,0,0,1,0,NA,NA,NA,NA
Becca,Arryn,0,0,1,0,0,0,0,12,NA,NA,NA
Becca the Baker,Ninguna,0,0,0,0,1,0,0,34,299,3,34
Bedwyck,Guardia de la Noche,1,0,0,1,1,0,1,13,NA,NA,NA
Belaquo,Ninguna,1,0,0,0,0,0,1,52,NA,NA,NA
Bella,Ninguna,0,0,0,0,1,0,0,29,NA,NA,NA
Bellegere Otherys (courtesan),Ninguna,0,1,0,0,0,1,0,34,NA,NA,NA
Bellonara Otherys,Ninguna,0,1,0,0,0,1,0,34,NA,NA,NA
Belwas,Targaryen,1,0,0,1,1,0,1,63,NA,NA,NA
Ben,Ninguna,1,0,0,0,0,1,0,37,NA,NA,NA
Ben Bones,Ninguna,1,0,0,0,0,0,1,12,NA,NA,NA
Ben Plumm,Ninguna,1,0,0,0,1,0,1,57,NA,NA,NA
Benedar Belmore,Arryn,1,1,0,0,0,1,0,23,NA,NA,NA
Benfred Tallhart,Stark,1,1,0,1,0,0,0,16,299,2,37
Benfrey Frey,Ninguna,1,1,0,0,1,0,0,51,299,5,51
Benjen Stark,Guardia de la Noche,1,1,1,0,0,0,0,5,298,1,24
Bennet,Ninguna,1,0,0,0,0,1,0,31,300,4,31
Beric Dondarrion,Ninguna,1,1,1,0,1,0,0,42,300,4,27
Bessa (Winterfell),Stark,0,0,1,0,0,0,0,37,NA,NA,NA
Beth Cassel,Stark,0,1,1,1,0,0,0,7,NA,NA,NA
Bhakaz zo Loraq,Ninguna,1,1,0,0,0,0,1,2,NA,NA,NA
Big Boil,Pueblo Libre,1,0,0,0,1,0,0,41,NA,NA,NA
Big Walder Frey,Ninguna,1,1,1,1,0,0,1,NA,NA,NA,NA
Biter,Ninguna,1,0,0,1,0,1,0,1,300,4,37
Black Bernarr,Guardia de la Noche,1,0,0,0,1,0,1,18,NA,NA,NA
Black Walder Frey,Ninguna,1,1,0,0,1,0,0,35,NA,NA,NA
Blane,Guardia de la Noche,1,0,0,1,0,0,0,23,NA,NA,NA
Bloodbeard,Ninguna,1,0,0,0,0,0,1,25,NA,NA,NA
Blue Bard,Tyrell,1,0,0,0,0,1,0,12,NA,NA,NA
Bonifer Hasty,Lannister,1,1,0,1,0,1,0,65,NA,NA,NA
Borcas,Guardia de la Noche,1,0,1,0,0,0,0,48,NA,NA,NA
Boremund Harlaw,Greyjoy,1,1,0,0,0,1,0,11,NA,NA,NA
Boros Blount,Baratheon,1,1,1,1,1,1,1,8,NA,NA,NA
Borroq,Pueblo Libre,1,0,0,0,0,0,1,0,NA,NA,NA
Bowen Marsh,Guardia de la Noche,1,0,1,0,1,0,1,21,NA,NA,NA
Bran Stark,Stark,1,1,1,1,1,0,1,1,NA,NA,NA
Brandon Norrey,Stark,1,1,0,0,0,0,1,49,NA,NA,NA
Brenett,Ninguna,1,0,0,0,1,0,0,49,NA,NA,NA
Brienne of Tarth,Stark,0,1,0,1,1,1,1,22,NA,NA,NA
Bronn,Lannister,1,1,1,1,1,0,0,28,NA,NA,NA
Brown Bernarr,Guardia de la Noche,1,0,0,1,1,0,0,23,299,3,33
Brusco,Ninguna,1,0,0,0,0,1,1,22,NA,NA,NA
Bryan Fossoway,Baratheon,1,1,1,1,0,0,0,42,299,2,62
Bryce Caron,Baratheon,1,1,1,1,0,0,0,29,299,2,65
Bryen,Ninguna,1,0,0,0,1,0,0,68,NA,NA,NA
Bryen Farring,Baratheon,1,1,0,1,0,0,1,10,300,5,62
Brynden Rivers,Targaryen,1,1,0,0,0,0,1,34,NA,NA,NA
Brynden Tully,Tully,1,1,1,1,1,1,0,2,NA,NA,NA
Burton Crakehall,Lannister,1,1,1,1,0,0,0,55,299,2,7
Butterbumps,Tyrell,1,0,0,0,1,0,0,6,NA,NA,NA
Byam Flint,Guardia de la Noche,1,0,0,0,1,0,0,33,299,3,33
Byan Votyris,Ninguna,1,0,1,0,0,0,0,54,NA,NA,NA
Byron,Arryn,1,0,0,0,0,1,0,41,NA,NA,NA
Cadwyn,Lannister,1,0,0,1,0,0,0,47,NA,NA,NA
Caleotte,Martell,1,0,0,0,0,1,1,2,NA,NA,NA
Catelyn Tully,Stark,0,1,1,1,1,0,0,2,299,3,51
Cayn,Stark,1,0,1,0,0,0,0,4,298,1,49
Cellador,Guardia de la Noche,1,0,1,0,1,0,1,48,NA,NA,NA
Cersei Frey,Ninguna,0,1,0,0,1,0,0,49,NA,NA,NA
Cersei Lannister,Lannister,0,1,1,1,1,1,1,4,NA,NA,NA
Chataya,Ninguna,0,0,0,1,0,0,0,15,NA,NA,NA
Chayle,Stark,1,0,1,1,0,0,0,9,299,2,50
Chella,Lannister,0,0,1,1,1,0,0,56,NA,NA,NA
Chett,Guardia de la Noche,1,0,1,1,1,0,0,41,299,3,46
Chiggen,Lannister,1,0,1,0,0,0,0,31,298,1,42
Chiswyck,Ninguna,1,0,0,1,0,0,0,26,299,2,30
Clayton Suggs,Baratheon,1,0,0,0,0,0,1,17,NA,NA,NA
Clement Piper,Tully,1,1,0,0,0,1,0,38,NA,NA,NA
Cleos Frey,Ninguna,1,1,0,1,1,0,0,7,299,3,21
Cley Cerwyn,Stark,1,1,0,1,0,0,0,16,299,2,66
Clubfoot Karl,Guardia de la Noche,1,0,0,0,1,0,1,0,300,5,4
Clydas,Guardia de la Noche,1,0,1,0,1,1,1,41,NA,NA,NA
Cohollo,Ninguna,1,0,1,0,0,0,0,11,298,1,64
Coldhands,Ninguna,1,0,0,0,1,0,1,46,NA,NA,NA
Colemon,Arryn,1,0,1,0,1,1,0,34,NA,NA,NA
Colen of Greenpools,Baratheon,1,1,0,1,0,0,0,22,NA,NA,NA
Conn,Lannister,1,0,1,0,0,0,0,42,298,1,62
Conwy,Guardia de la Noche,1,0,0,1,0,0,0,6,NA,NA,NA
Corliss Penny,Baratheon,1,0,0,0,0,0,1,26,NA,NA,NA
Cortnay Penrose,Baratheon,1,1,0,1,0,0,0,31,299,2,42
Cotter Pyke,Guardia de la Noche,1,0,0,0,1,0,0,48,NA,NA,NA
Cragorn,Greyjoy,1,0,0,0,0,1,0,19,300,4,29
Craster,Ninguna,1,0,0,1,1,0,0,23,299,3,33
Cregan Karstark,Stark,1,1,0,0,0,0,1,44,NA,NA,NA
Creighton Longbough,Ninguna,1,0,0,0,0,1,0,4,NA,NA,NA
Cressen,Baratheon,1,0,0,1,0,0,0,0,299,1,0
Cuger,Guardia de la Noche,1,0,1,0,0,0,0,NA,NA,NA,NA
Cutjack,Ninguna,1,0,0,1,0,0,0,5,NA,NA,NA
Daario Naharis,Targaryen,1,0,0,0,1,0,1,42,NA,NA,NA
Dacey Mormont,Stark,0,1,1,0,1,0,0,63,299,3,51
Daemon Sand,Martell,1,0,0,0,1,0,1,38,NA,NA,NA
Daenerys Targaryen,Targaryen,0,1,1,1,1,0,1,3,NA,NA,NA
Dagon Codd,Greyjoy,1,1,0,0,0,0,1,20,300,5,20
Dagmer,Greyjoy,1,0,0,1,0,0,0,11,NA,NA,NA
Dalbridge,Guardia de la Noche,1,0,0,1,0,0,0,43,299,2,53
Dale Seaworth,Baratheon,1,1,0,1,0,0,0,10,299,2,58
Dalla,Pueblo Libre,0,1,0,0,1,0,0,73,300,3,76
Dalla (Dragonstone),Baratheon,0,0,0,1,0,0,0,0,NA,NA,NA
Damon Dance-for-Me,Ninguna,1,0,0,0,0,0,1,12,NA,NA,NA
Damon Vypren,Ninguna,1,1,0,0,1,0,0,49,NA,NA,NA
Dancy,Ninguna,0,0,0,1,0,0,0,29,NA,NA,NA
Danwell Frey,Ninguna,1,1,1,1,1,1,0,59,NA,NA,NA
Dareon,Guardia de la Noche,1,0,1,0,0,1,0,19,300,4,34
Daryn Hornwood,Stark,1,1,1,0,0,0,0,63,298,1,63
Daven Lannister,Lannister,1,1,0,0,0,1,0,12,NA,NA,NA
Davos Seaworth,Baratheon,1,1,0,1,1,0,1,0,NA,NA,NA
Del,Pueblo Libre,1,0,0,0,1,0,0,41,299,3,41
Delp,Tully,1,0,0,1,1,0,0,39,299,3,20
Denys Drumm,Greyjoy,1,1,0,0,0,1,0,19,NA,NA,NA
Denys Mallister,Guardia de la Noche,1,1,0,0,1,0,0,48,NA,NA,NA
Dermot,Baratheon,1,0,0,1,0,1,0,65,NA,NA,NA
Desmond,Stark,1,0,1,0,0,0,0,1,298,1,50
Desmond Grell,Tully,1,1,0,1,1,1,0,7,NA,NA,NA
Devan Seaworth,Baratheon,1,1,0,1,1,0,1,10,NA,NA,NA
Deziel Dalt,Martell,1,1,0,0,1,0,1,38,NA,NA,NA
Dhazzar,Ninguna,1,1,0,0,0,0,1,2,NA,NA,NA
Dick Crabb,Ninguna,1,0,0,0,0,1,0,9,300,4,20
Dick Follard,Guardia de la Noche,1,0,0,0,1,0,0,41,299,3,55
Dickon Manwoody,Martell,1,1,0,0,1,0,0,38,NA,NA,NA
Dirk,Guardia de la Noche,1,0,0,0,1,0,1,0,300,5,4
Dobber,Ninguna,1,0,0,1,0,0,0,5,299,2,14
Donal Noye,Guardia de la Noche,1,0,1,1,1,0,0,19,300,3,64
Donella Hornwood,Stark,0,1,0,1,0,0,0,16,299,2,35
Donnel Drumm,Greyjoy,1,1,0,0,0,1,0,19,NA,NA,NA
Donnel Haigh,Ninguna,1,1,0,0,1,0,0,49,NA,NA,NA
Donnel Hill,Guardia de la Noche,1,0,0,0,1,0,1,0,NA,NA,NA
Donnel Locke,Stark,1,1,0,1,1,0,0,25,299,3,51
Donnel Waynwood,Tully,1,1,1,0,0,0,0,34,NA,NA,NA
Donnis,Stark,1,0,1,0,0,0,0,7,NA,NA,NA
Dontos Hollard,Ninguna,1,1,1,1,1,0,0,57,300,3,61
Donyse,Ninguna,0,0,0,0,1,0,0,72,NA,NA,NA
Doran Martell,Martell,1,1,0,0,0,1,1,2,NA,NA,NA
Doreah,Targaryen,0,0,1,1,0,0,0,11,299,2,12
Dornish Dilly,Guardia de la Noche,1,0,0,0,1,0,0,55,299,3,55
Draqaz,Ninguna,1,1,0,0,0,0,1,2,NA,NA,NA
Drennan,Greyjoy,1,0,0,1,0,0,0,50,299,2,50
Drogo,Targaryen,1,1,1,0,0,0,0,3,298,1,64
Dudley,Stark,1,0,0,0,1,0,0,34,299,3,34
Dunsen,Ninguna,1,0,0,1,0,0,0,26,NA,NA,NA
Dunstan Drumm,Greyjoy,1,1,0,0,0,1,0,19,NA,NA,NA
Duram Bar Emmon,Baratheon,1,1,0,1,0,0,0,0,NA,NA,NA
Dykk Harlaw,Greyjoy,1,0,0,1,0,0,0,66,299,2,66
Dywen,Guardia de la Noche,1,0,1,1,1,0,1,48,NA,NA,NA
Easy,Guardia de la Noche,1,0,0,0,1,0,0,55,300,3,55
Ebben,Guardia de la Noche,1,0,0,1,0,0,0,43,299,2,68
Eddard Karstark,Stark,1,1,1,0,0,0,0,53,298,1,63
Eddard Stark,Stark,1,1,1,0,0,0,0,1,299,1,65
Eddison Tollett,Guardia de la Noche,1,0,0,1,1,1,1,13,NA,NA,NA
Edmure Tully,Tully,1,1,1,1,1,1,0,28,NA,NA,NA
Edric Dayne,Ninguna,1,1,0,0,1,0,0,34,NA,NA,NA
Edric Storm,Baratheon,1,0,0,0,1,0,0,10,NA,NA,NA
Edwyn Frey,Ninguna,1,1,0,0,1,1,0,38,NA,NA,NA
Eggon,Ninguna,1,0,0,1,0,0,0,30,NA,NA,NA
Elder Brother,Ninguna,1,0,0,0,0,1,0,31,NA,NA,NA
Eldred Codd,Greyjoy,1,1,0,0,0,1,0,18,NA,NA,NA
Eleyna Westerling,Stark,0,1,0,0,1,1,0,45,NA,NA,NA
Elinor Tyrell,Tyrell,0,1,0,0,1,1,0,6,NA,NA,NA
Ellaria Sand,Martell,0,1,0,0,1,0,1,38,NA,NA,NA
Elmar Frey,Ninguna,1,1,1,1,1,0,0,59,NA,NA,NA
Elyas Willum,Baratheon,1,1,0,1,0,0,0,22,NA,NA,NA
Emmon Cuy,Baratheon,1,1,0,1,0,0,0,33,299,2,42
Emmon Frey,Lannister,1,1,1,0,0,1,0,29,NA,NA,NA
Emmond,Greyjoy,1,0,0,0,0,1,0,1,NA,NA,NA
Emrick,Guardia de la Noche,1,0,0,0,1,0,1,75,NA,NA,NA
Endehar,Greyjoy,1,0,0,1,0,0,0,56,NA,NA,NA
Elwood,Tully,1,0,0,0,1,0,0,20,299,3,20
Endrew Tarth,Guardia de la Noche,1,0,1,0,1,0,0,60,299,3,69
Enger,Tully,1,0,0,1,0,0,0,39,NA,NA,NA
Eon Hunter,Arryn,1,1,1,0,1,0,0,38,300,3,80
Erik Ironmaker,Greyjoy,1,1,0,0,0,1,0,19,NA,NA,NA
Ermesande Hayford,Ninguna,0,1,0,1,1,1,0,2,NA,NA,NA
Eroeh,Targaryen,1,0,1,0,0,0,0,61,298,1,68
Erreck,Ninguna,1,0,0,0,1,0,0,12,NA,NA,NA
Erryk (Guard),Tyrell,1,0,0,0,1,1,0,6,NA,NA,NA
Esgred,Greyjoy,1,0,0,1,0,0,0,24,NA,NA,NA
Ezzara,Targaryen,0,0,0,0,0,0,1,30,NA,NA,NA
Falia Flowers,Greyjoy,0,0,0,0,0,1,0,29,NA,NA,NA
Falyse Stokeworth,Lannister,0,1,0,1,0,1,0,2,300,5,36
Farlen,Stark,1,0,0,1,0,0,0,46,299,2,56
Fat Walda Frey,Ninguna,0,1,0,0,1,0,1,37,NA,NA,NA
Flement Brax,Lannister,1,1,1,0,1,1,0,56,NA,NA,NA
Fletcher Will,Ninguna,1,0,0,0,1,0,0,34,299,3,34
Fogo,Ninguna,1,1,1,0,0,0,0,46,298,1,61
Forley Prester,Lannister,1,1,0,0,0,1,0,33,NA,NA,NA
Fornio,Guardia de la Noche,1,0,0,0,1,0,0,33,NA,NA,NA
Frenken,Lannister,1,0,0,1,1,0,0,15,NA,NA,NA
Frenya,Pueblo Libre,0,0,0,0,0,0,1,37,300,5,69
Frynne,Martell,0,0,0,0,0,1,0,40,NA,NA,NA
Gage,Stark,1,1,0,1,0,0,0,4,NA,NA,NA
Galazza Galare,Ninguna,0,1,0,0,0,0,1,23,NA,NA,NA
Galbart Glover,Stark,1,1,1,0,1,0,0,55,NA,NA,NA
Gared,Guardia de la Noche,1,0,1,0,0,0,0,0,297,1,1
Garin (Orphan),Martell,1,0,0,0,0,1,0,21,NA,NA,NA
Gariss,Stark,1,0,0,1,0,0,0,50,NA,NA,NA
Garlan Tyrell,Tyrell,1,1,0,1,1,1,0,62,NA,NA,NA
Garrett Paege,Lannister,1,1,0,0,0,1,0,30,NA,NA,NA
Garse Goodbrook,Ninguna,1,1,0,0,1,0,0,NA,299,3,NA
Garth Greyfeather,Guardia de la Noche,1,0,0,0,1,0,1,48,300,5,31
Garth of Greenaway,Guardia de la Noche,1,0,0,0,1,0,1,33,300,5,4
Garth of Oldtown,Guardia de la Noche,1,0,0,0,1,0,0,33,299,3,33
Gawen Westerling,Stark,1,1,0,0,0,1,0,33,NA,NA,NA
Gelmarr,Greyjoy,1,0,0,1,0,0,0,50,299,2,56
Gendry,Ninguna,1,0,1,1,1,1,0,27,NA,NA,NA
Genna Lannister,Lannister,0,1,0,0,0,1,0,33,NA,NA,NA
Gerald Gower,Baratheon,1,1,0,0,1,0,0,54,NA,NA,NA
Gerold Dayne,Martell,1,1,0,0,0,1,0,13,NA,NA,NA
Gerren,Ninguna,1,0,0,1,0,0,0,14,299,2,19
Gerris Drinkwater,Martell,1,1,0,0,0,0,1,6,NA,NA,NA
Gevin Harlaw,Greyjoy,1,1,0,1,0,0,0,37,299,2,66
Ghael,Ninguna,1,0,0,0,1,0,1,71,NA,NA,NA
Ghost of High Heart,Ninguna,0,0,0,0,1,0,0,22,NA,NA,NA
Gillam,Ninguna,1,0,0,0,0,1,0,31,NA,NA,NA
Gilly,Pueblo Libre,0,0,0,1,1,1,1,23,NA,NA,NA
Gilwood Hunter,Arryn,1,1,0,0,1,0,0,80,NA,NA,NA
Gladden Wylde,Stark,1,1,1,0,0,0,0,43,298,1,55
Glendon Hewett,Guardia de la Noche,1,0,0,0,1,0,0,69,NA,NA,NA
Goady,Guardia de la Noche,1,0,0,0,1,0,0,0,NA,NA,NA
Godric Borrell,Ninguna,1,1,0,0,0,0,1,9,NA,NA,NA
Godry Farring,Baratheon,1,1,0,0,0,0,1,3,NA,NA,NA
Godwyn,Lannister,1,0,1,0,0,0,0,32,NA,NA,NA
Goghor,Ninguna,1,0,0,0,0,0,1,52,NA,NA,NA
Gormond Goodbrother,Greyjoy,1,1,0,0,0,1,0,1,NA,NA,NA
Gorold Goodbrother,Greyjoy,1,1,0,0,0,1,0,1,NA,NA,NA
Gran Goodbrother,Greyjoy,1,1,0,0,0,1,0,1,NA,NA,NA
Grazdan,Ninguna,1,1,0,0,1,0,0,27,299,3,27
Grazdan mo Eraz,Ninguna,1,1,0,0,1,0,0,42,NA,NA,NA
Grazdan mo Ullhor,Ninguna,1,1,0,0,1,0,0,27,299,3,27
Grazdan zo Galare,Ninguna,1,1,0,0,0,0,1,2,NA,NA,NA
Grazdar zo Galare,Ninguna,1,1,0,0,0,0,1,2,NA,NA,NA
Gregor Clegane,Lannister,1,1,1,1,1,0,0,29,300,4,72
Grenn,Guardia de la Noche,1,0,1,1,1,1,1,19,NA,NA,NA
Grey Worm,Targaryen,1,0,0,0,1,0,1,42,NA,NA,NA
Greydon Goodbrother,Greyjoy,1,1,0,0,0,1,0,1,NA,NA,NA
Grigg,Pueblo Libre,1,0,0,0,1,0,0,30,NA,NA,NA
Grisel,Ninguna,0,0,0,0,1,0,0,68,NA,NA,NA
Groleo,Targaryen,1,0,0,0,1,0,1,NA,300,5,59
Grubbs,Guardia de la Noche,1,0,0,0,1,0,1,0,300,5,4
Grunt,Ninguna,1,0,0,0,0,0,1,12,NA,NA,NA
Gueren,Guardia de la Noche,1,0,1,0,0,0,0,38,NA,NA,NA
Guncer Sunglass,Baratheon,1,1,0,1,1,0,0,0,299,3,10
Guyard Morrigen,Baratheon,1,1,0,1,0,0,0,22,299,2,62
Gwin Goodbrother,Greyjoy,0,1,0,0,0,1,0,1,NA,NA,NA
Gylbert Farwynd,Greyjoy,1,1,0,0,0,1,0,19,NA,NA,NA
Gyles Farwynd,Greyjoy,1,1,0,0,0,1,0,19,NA,NA,NA
Gyles Grafton,Arryn,1,1,0,0,0,1,0,41,NA,NA,NA
Gyles Rosby,Lannister,1,1,1,1,1,1,0,57,300,4,39
Gynir,Greyjoy,1,0,0,1,0,0,0,50,299,2,56
Gysella Goodbrother,Greyjoy,0,1,0,0,0,1,0,1,NA,NA,NA
Haggo,Ninguna,1,0,1,0,0,0,0,11,298,1,64
Hairy Hal,Guardia de la Noche,1,0,0,0,1,1,1,55,300,5,31
Hake,Guardia de la Noche,1,0,1,1,1,0,0,52,299,3,46
Halder,Guardia de la Noche,1,0,1,0,1,0,0,19,NA,NA,NA
Haldon,Targaryen,1,0,0,0,0,0,1,8,NA,NA,NA
Hali,Pueblo Libre,0,0,1,0,0,0,0,37,298,1,37
Hallis Mollen,Stark,1,1,1,1,0,0,0,14,NA,NA,NA
Hallyne,Lannister,1,0,0,1,0,1,0,17,NA,NA,NA
Halys Hornwood,Stark,1,1,1,0,0,0,0,53,298,1,62
Hamish the Harper,Ninguna,1,0,0,0,1,1,0,32,300,5,43
Hareth (Mole's Town),Guardia de la Noche,1,0,0,0,1,0,1,64,NA,NA,NA
Harghaz,Ninguna,1,0,0,0,0,0,1,52,300,5,70
Harma,Pueblo Libre,0,1,0,0,1,0,0,0,300,3,75
Harmund Sharp,Greyjoy,1,1,0,0,0,1,0,19,NA,NA,NA
Harmune,Guardia de la Noche,1,0,0,0,0,0,1,78,NA,NA,NA
Harra,Ninguna,0,0,0,1,0,0,0,26,299,2,64
Harrag Sharp,Greyjoy,1,1,0,1,0,1,0,66,299,5,19
Harras Harlaw,Greyjoy,1,1,0,0,0,1,0,11,NA,NA,NA
Harwood Fell,Baratheon,1,1,0,0,0,0,1,17,300,5,42
Hazzea,Ninguna,0,0,0,0,0,0,1,11,300,5,11
Harrion Karstark,Stark,1,1,1,1,0,0,0,53,NA,NA,NA
Harry Strickland,Ninguna,1,0,0,0,0,0,1,24,NA,NA,NA
Harwin,Stark,1,0,1,0,1,1,0,1,NA,NA,NA
Harwood Stout,Stark,1,1,0,0,0,0,1,32,NA,NA,NA
Harys Haigh,Ninguna,1,1,0,1,1,0,0,64,NA,NA,NA
Harys Swyft,Lannister,1,1,1,1,1,1,1,69,NA,NA,NA
Helman Tallhart,Stark,1,1,1,0,1,0,0,55,299,3,37
Henly (Maester),Ninguna,1,0,0,0,0,0,1,37,NA,NA,NA
Heward,Stark,1,0,1,0,0,0,0,35,298,1,35
High Sparrow,Ninguna,1,0,0,0,0,1,1,4,NA,NA,NA
Hobb,Guardia de la Noche,1,0,1,0,1,0,1,52,NA,NA,NA
Hobber Redwyne,Tyrell,1,1,1,1,1,1,0,27,NA,NA,NA
Hod,Ninguna,1,0,0,1,0,0,0,5,NA,NA,NA
Hodor,Stark,1,0,1,1,1,0,1,24,NA,NA,NA
Holger,Ninguna,1,0,0,1,0,0,0,49,NA,NA,NA
Holly,Pueblo Libre,0,0,0,0,0,0,1,37,300,5,69
Hop-Robin,Guardia de la Noche,1,0,0,0,1,0,1,75,NA,NA,NA
Horas Redwyne,Tyrell,1,1,1,1,0,1,0,27,NA,NA,NA
Horton Redfort,Arryn,1,1,0,0,0,1,0,23,NA,NA,NA
Hosteen Frey,Ninguna,1,1,1,1,1,0,1,59,NA,NA,NA
Hoster Tully,Tully,1,1,1,1,1,0,0,71,299,3,35
Hot Pie,Ninguna,1,0,0,1,1,0,0,1,NA,NA,NA
Hother Umber,Stark,1,1,0,1,0,0,1,16,NA,NA,NA
Howd Wanderer,Pueblo Libre,1,1,0,0,0,0,1,58,NA,NA,NA
Hubard Rambton,Baratheon,1,1,0,1,0,0,0,10,299,5,10
Hugh,Arryn,1,0,1,0,0,0,0,25,298,1,29
Hugo Vance,Tully,1,1,0,0,0,1,0,30,NA,NA,NA
Hullen,Stark,1,0,1,0,0,0,0,1,298,1,50
Humfrey Swyft,Lannister,1,1,0,0,0,1,0,16,NA,NA,NA
Husband,Ninguna,1,0,0,0,1,0,0,11,NA,NA,NA
Hyle Hunt,Ninguna,1,1,0,0,0,1,0,14,300,4,42
Iggo,Ninguna,1,0,0,0,1,0,0,3,299,3,3
Illyrio Mopatis,Targaryen,1,1,1,0,0,0,1,3,NA,NA,NA
Ilyn Payne,Lannister,1,1,1,1,1,1,0,15,NA,NA,NA
Imry Florent,Baratheon,1,1,0,1,1,0,0,58,299,3,4
Iron Emmett,Guardia de la Noche,1,0,0,0,1,0,1,79,NA,NA,NA
Irri,Targaryen,0,0,1,1,1,0,1,11,NA,NA,NA
Ithoke,Ninguna,1,0,0,0,0,0,1,11,NA,NA,NA
Jacelyn Bywater,Lannister,0,1,0,1,0,0,0,8,299,2,19
Jack Bulwer,Guardia de la Noche,1,0,0,0,1,1,1,64,300,5,31
Jack-Be-Lucky,Ninguna,1,0,0,0,1,1,0,17,NA,NA,NA
Jacks,Stark,1,0,1,1,0,0,0,22,NA,NA,NA
Jaggot,Ninguna,1,0,1,0,0,0,0,42,NA,NA,NA
Jaime Lannister,Lannister,1,1,1,1,1,1,1,5,NA,NA,NA
Jalabhar Xho,Ninguna,1,1,1,1,1,1,0,29,NA,NA,NA
Janna Tyrell,Tyrell,0,1,0,0,1,1,0,6,NA,NA,NA
Janos Slynt,Ninguna,1,1,1,1,1,0,1,27,300,5,7
Jaqen H'ghar,Ninguna,1,0,0,1,0,1,0,5,NA,NA,NA
Jared Frey,Ninguna,1,1,1,1,0,0,1,59,300,5,37
Jaremy Rykker,Guardia de la Noche,1,1,1,0,0,0,0,21,298,5,60
Jarl,Pueblo Libre,1,0,0,0,1,0,0,7,299,3,26
Jarman Buckwell,Guardia de la Noche,1,0,0,1,0,0,1,13,300,5,21
Jason Mallister,Stark,1,1,1,0,1,0,0,28,NA,NA,NA
Jate,Lannister,1,0,0,0,0,1,0,44,NA,4,44
Jate Blackberry,Baratheon,1,0,0,0,1,0,0,10,NA,3,10
Jeor Mormont,Guardia de la Noche,1,1,1,1,1,0,0,48,299,3,33
Jeren,Guardia de la Noche,1,0,1,0,0,0,0,19,NA,NA,NA
Jeyne Poole,Stark,0,1,1,0,1,0,1,7,NA,NA,NA
Jeyne Westerling,Stark,0,1,0,0,1,1,0,14,NA,NA,NA
Jhaqo,Ninguna,1,1,1,0,0,0,1,68,NA,NA,NA
Jhezane,Ninguna,0,1,0,0,0,0,1,2,NA,NA,NA
Jhiqui,Targaryen,0,0,1,1,1,0,1,11,NA,NA,NA
Jhogo,Targaryen,1,0,1,1,1,0,1,23,NA,NA,NA
Jocelyn Swyft,Lannister,0,1,0,0,0,1,1,3,NA,NA,NA
Jodge,Lannister,1,0,0,1,0,0,0,30,NA,NA,NA
Jojen Reed,Stark,1,1,0,1,1,0,1,21,NA,NA,NA
Jommy,Baratheon,1,0,0,1,0,0,0,0,NA,NA,NA
Jon Bettley,Lannister,1,1,0,0,0,1,0,16,NA,NA,NA
Jon Connington,Targaryen,1,1,0,0,0,0,1,5,NA,NA,NA
Jon Fossoway,Baratheon,1,1,0,1,0,0,0,22,NA,NA,NA
Jon Snow,Guardia de la Noche,1,1,1,1,1,1,1,1,NA,NA,NA
Jon Umber (Greatjon),Stark,1,1,1,1,1,0,0,51,NA,NA,NA
Joffrey Baratheon,Lannister,1,1,1,1,1,0,0,5,300,3,60
Jon Umber (Smalljon),Stark,1,1,1,0,1,0,0,63,299,3,51
Jonelle Cerwyn,Stark,0,1,1,0,0,0,0,53,NA,NA,NA
Jonos Bracken,Tully,1,1,1,0,1,0,1,28,NA,NA,NA
Jorah Mormont,Targaryen,1,1,1,1,1,0,1,23,NA,NA,NA
Jory Cassel,Stark,1,1,1,0,0,0,0,1,298,1,35
Joseran,Greyjoy,1,0,0,0,0,1,0,11,NA,NA,NA
Joseth,Stark,1,0,1,1,0,0,0,37,NA,NA,NA
Josmyn Peckledon,Lannister,1,0,0,1,1,1,1,65,NA,NA,NA
Joss,Ninguna,1,0,1,0,0,0,0,43,NA,NA,NA
Joss Stilwood,Lannister,1,0,1,0,0,0,0,NA,NA,NA,NA
Josua Willum,Baratheon,1,1,0,1,0,0,0,22,NA,NA,NA
Jothos Slynt,Lannister,1,1,0,0,1,0,0,66,NA,NA,NA
Joyeuse Erenford,Ninguna,0,1,1,0,1,0,0,28,NA,NA,NA
Justin Massey,Baratheon,1,1,0,0,0,0,1,7,NA,NA,NA
Jyck,Lannister,1,0,1,0,0,0,0,21,298,1,31
Jynessa Blackmont,Martell,0,1,0,0,1,0,0,38,NA,NA,NA
Karyl Vance,Tully,1,1,1,0,1,1,0,43,NA,NA,NA
Kedge Whiteye,Guardia de la Noche,1,0,0,1,1,1,0,43,NA,NA,NA
Kella,Ninguna,0,0,0,0,1,0,0,68,NA,NA,NA
Kennos of Kayce,Lannister,1,1,0,0,1,1,1,6,NA,NA,NA
Ketter,Guardia de la Noche,1,0,1,0,0,0,0,52,NA,NA,NA
Kenned,Greyjoy,1,0,0,1,0,0,0,66,299,2,66
Kerwin,Tyrell,1,0,0,0,0,1,1,29,300,5,56
Kevan Lannister,Lannister,1,1,1,1,1,1,1,56,300,5,NA
Kezmya,Ninguna,0,1,0,0,0,0,1,2,NA,NA,NA
Khorane Sathmantes,Ninguna,1,0,0,0,1,0,0,10,NA,NA,NA
Khrazz,Ninguna,1,0,0,0,0,0,1,11,300,5,67
Kindly man,Ninguna,1,0,0,0,0,1,1,6,NA,NA,NA
Kojja Mo,Ninguna,0,0,0,0,0,1,0,35,NA,NA,NA
Koss,Guardia de la Noche,1,0,0,1,0,0,0,5,299,2,14
Kraznys mo Nakloz,Ninguna,1,1,0,0,1,0,0,23,299,3,27
Kromm,Greyjoy,1,0,0,1,0,0,0,56,299,2,66
Kurleket,Ninguna,1,0,1,0,0,0,0,31,298,1,31
Kurz,Guardia de la Noche,1,0,0,1,0,0,0,5,299,2,19
Kyle (Banners),Ninguna,1,0,0,0,1,0,0,39,299,3,39
Kyra,Stark,0,0,1,1,0,0,1,37,300,5,12
Lady of the Leaves,Ninguna,0,0,0,0,1,0,0,22,NA,NA,NA
Lambert Turnberry,Lannister,1,1,0,0,0,1,0,7,NA,NA,NA
Lamprey,Baratheon,1,0,0,0,1,0,0,25,NA,NA,NA
Lancel Lannister,Lannister,1,1,1,1,1,1,1,47,NA,NA,NA
Lanna (Happy Port),Ninguna,0,0,0,0,0,1,0,34,NA,NA,NA
Lark,Guardia de la Noche,1,0,0,1,1,0,0,23,299,3,46
Larra Blackmont,Martell,0,1,0,0,1,0,0,38,NA,NA,NA
Larraq,Targaryen,1,0,0,0,0,0,1,59,NA,NA,NA
Leathers,Guardia de la Noche,1,0,0,0,0,0,1,35,NA,NA,NA
Left Hand Lew,Guardia de la Noche,1,0,0,0,1,0,1,48,NA,NA,NA
Lem,Ninguna,1,0,0,0,1,1,0,13,NA,NA,NA
Lennocks,Ninguna,1,0,0,0,1,0,0,34,NA,NA,34
Lenwood Tawney,Greyjoy,1,0,0,0,0,1,0,18,NA,NA,NA
Leo Lefford,Lannister,1,1,1,1,0,0,0,62,299,2,45
Leo Tyrell,Tyrell,1,1,0,0,0,1,0,0,NA,NA,NA
Leobald Tallhart,Stark,1,1,0,1,0,0,0,16,299,2,66
Leona Woolfield,Stark,0,1,0,0,0,0,1,19,NA,NA,NA
Leonette Fossoway,Tyrell,0,1,0,0,1,0,0,6,NA,NA,NA
Lew,Stark,1,0,1,0,0,0,0,7,NA,NA,NA
Lewis Lanster,Ninguna,1,0,0,0,0,0,1,25,NA,NA,NA
Lewys Lydden,Lannister,1,1,1,1,0,0,0,62,NA,NA,NA
Lewys Piper,Lannister,1,1,0,0,0,1,0,27,NA,NA,NA
Lharys,Stark,1,1,1,0,0,0,0,31,298,1,34
Little Walder Frey,Ninguna,1,1,1,1,0,0,1,59,300,5,51
Lollys Stokeworth,Lannister,0,1,0,1,1,0,0,2,NA,NA,NA
Lommy,Guardia de la Noche,1,0,0,1,0,0,0,1,299,2,19
Loras Tyrell,Tyrell,1,1,1,1,1,1,0,18,NA,NA,NA
Lorcas,Ninguna,1,0,0,0,0,1,0,45,NA,NA,NA
Lord of Bones,Pueblo Libre,1,1,0,1,1,0,1,68,300,5,10
Lorent Caswell,Baratheon,1,1,0,1,0,0,0,22,NA,NA,NA
Lorren,Greyjoy,1,0,0,1,0,0,0,37,299,2,66
Lothar Frey,Ninguna,1,1,0,0,1,0,0,35,NA,NA,NA
Lothor Brune,Ninguna,1,1,1,1,1,1,0,29,NA,NA,NA
Lucan,Ninguna,1,0,0,1,0,0,0,38,299,2,64
Lucas Blackwood,Tully,1,1,0,1,1,0,0,22,299,3,51
Lucas Codd,Greyjoy,1,1,0,0,0,1,0,11,NA,NA,NA
Lucias Vypren,Ninguna,1,1,0,0,1,0,0,49,NA,NA,NA
Luco Prestayn,Ninguna,1,0,0,0,0,1,0,22,NA,NA,NA
Luke of Longtown,Guardia de la Noche,1,0,0,0,0,0,1,35,NA,NA,NA
Luton,Ninguna,1,0,0,0,0,0,1,37,300,5,51
Luwin,Stark,1,0,1,1,0,0,0,14,299,2,69
Lyle Crakehall,Lannister,1,1,0,0,0,1,0,12,NA,NA,NA
Lyman Darry,Tully,1,1,1,1,0,0,0,71,299,3,7
Lymond Goodbrook,Tully,1,1,0,0,1,0,0,45,NA,NA,NA
Lymond Lychester,Tully,1,1,0,0,1,0,0,22,NA,NA,NA
Lyn Corbray,Arryn,1,1,1,0,0,1,0,38,NA,NA,NA
Lyonel,Ninguna,1,0,0,1,0,0,0,38,NA,NA,NA
Lysa Tully,Arryn,0,1,1,0,1,0,0,34,300,3,NA
Lysono Maar,Ninguna,1,0,0,0,0,0,1,24,NA,NA,NA
Mace Tyrell,Tyrell,1,1,0,1,1,1,1,62,NA,NA,NA
Mad Huntsman,Ninguna,1,0,0,0,1,0,0,29,NA,NA,NA
Maege Mormont,Stark,0,1,1,0,1,0,0,53,NA,NA,NA
Maerie (Goodwife),Ninguna,0,0,0,0,1,0,0,34,299,3,34
Maerie (Whore),Ninguna,0,0,0,0,1,0,0,34,299,3,34
Mag Mar Tun Doh Weg,Pueblo Libre,1,1,0,0,1,0,0,15,300,3,64
Mago,Ninguna,1,0,1,0,0,0,0,61,NA,NA,NA
Mallador Locke,Guardia de la Noche,1,0,0,1,1,0,0,13,299,5,18
Malliard,Lannister,1,0,0,1,0,0,0,20,NA,NA,NA
Mallor,Lannister,1,0,1,0,0,0,0,63,NA,NA,NA
Mance Rayder,Pueblo Libre,1,1,0,0,1,0,1,15,NA,NA,NA
Mandon Moore,Baratheon,1,1,1,1,0,0,0,51,299,2,61
Maric Seaworth,Baratheon,1,1,0,1,0,0,0,10,299,2,58
Marei,Ninguna,0,0,0,1,0,0,0,29,NA,NA,NA
Margaery Tyrell,Tyrell,0,1,0,1,1,1,0,22,NA,NA,NA
Marillion,Arryn,1,0,1,0,1,1,0,28,300,4,23
Maris,Pueblo Libre,0,0,0,0,0,0,1,58,NA,NA,NA
Marissa Frey,Ninguna,0,1,0,0,1,1,0,49,NA,NA,NA
Mariya Darry,Ninguna,0,1,0,0,0,1,0,30,NA,NA,NA
Mark Mullendore,Tully,1,1,0,1,0,0,0,22,NA,NA,NA
Marlon Manderly,Stark,1,1,0,0,0,0,1,19,NA,NA,NA
Maron Volmark,Greyjoy,1,1,0,0,0,1,0,18,NA,NA,NA
Marq Piper,Tully,1,1,1,0,1,0,0,56,NA,NA,NA
Martyn Rivers,Ninguna,1,1,1,1,1,0,0,29,NA,NA,NA
Marwyn,Ninguna,1,0,0,0,0,1,0,0,NA,NA,NA
Marwyn Belmore,Arryn,1,1,0,0,0,1,0,10,NA,NA,NA
Masha Heddle,Tully,0,0,1,0,0,0,0,28,298,1,56
Maslyn,Guardia de la Noche,1,0,0,0,1,0,0,0,299,3,18
Mathis Rowan,Lannister,1,1,0,1,1,1,0,22,NA,NA,NA
Mathos Mallarawan,Ninguna,1,1,0,1,0,0,0,40,NA,NA,NA
Matrice,Baratheon,0,0,0,1,0,0,0,0,NA,NA,NA
Matthos Seaworth,Baratheon,1,1,0,1,0,0,0,10,299,2,58
Matthar,Guardia de la Noche,1,0,1,0,0,0,0,41,NA,NA,NA
Mawney,Guardia de la Noche,1,0,0,0,1,0,1,18,300,5,4
Mebble,Ninguna,1,0,0,1,0,0,0,47,NA,NA,NA
Medger Cerwyn,Stark,1,1,1,1,0,0,0,53,299,2,30
Meera Reed,Stark,0,1,0,1,1,0,1,21,NA,NA,NA
Megga Tyrell,Tyrell,0,1,0,0,1,1,0,6,NA,NA,NA
Meha,Pueblo Libre,0,0,0,0,0,0,1,0,NA,NA,NA
Mela,Arryn,0,0,0,0,0,1,0,23,NA,NA,NA
Meldred Merlyn,Greyjoy,1,1,0,0,0,1,0,1,NA,NA,NA
Meliana,Stark,0,0,0,0,1,0,0,69,NA,NA,NA
Melisandre,Baratheon,0,0,0,1,1,0,1,0,NA,NA,NA
Mellei,Martell,0,0,0,0,0,1,0,40,NA,NA,NA
Melly,Ninguna,0,0,0,0,1,0,0,34,NA,NA,NA
Meredyth Crane,Tyrell,0,1,0,0,1,1,0,61,NA,NA,NA
Meribald,Ninguna,1,0,0,0,0,1,0,25,NA,NA,NA
Merlon Crakehall,Lannister,1,1,0,0,1,0,0,38,NA,NA,NA
Mero,Ninguna,1,0,0,0,1,0,0,42,299,3,57
Merrett Frey,Ninguna,1,1,1,0,1,0,0,59,300,3,NA
Meryn Trant,Lannister,1,1,1,1,1,1,1,8,NA,NA,NA
Mezzara,Ninguna,0,1,0,0,0,0,1,2,NA,NA,NA
Mikken,Stark,1,0,1,1,0,0,0,8,299,2,46
Miklaz,Ninguna,1,1,0,0,0,0,1,2,NA,NA,NA
Mirri Maz Duur,Ninguna,0,0,1,0,0,0,0,61,299,1,72
Missandei,Targaryen,0,0,0,0,1,0,1,23,NA,NA,NA
Mohor,Ninguna,1,1,1,0,0,0,0,31,298,1,31
Mollander,Ninguna,1,0,0,0,0,1,0,0,NA,NA,NA
Monford Velaryon,Baratheon,1,1,0,1,0,0,0,0,299,3,25
Monster,Pueblo Libre,1,0,0,0,1,1,1,33,NA,NA,NA
Moon Boy,Baratheon,1,0,1,1,1,1,0,29,NA,NA,NA
Moqorro,Greyjoy,1,0,0,0,0,0,1,33,NA,NA,NA
Mord,Arryn,1,0,1,0,0,1,0,38,NA,NA,NA
Mordane,Stark,0,0,1,0,0,0,0,7,298,1,67
Moreo Tumitis,Ninguna,1,0,1,0,0,0,0,18,NA,NA,NA
Morgarth,Ninguna,1,0,0,0,0,1,0,41,NA,NA,NA
Morna White Mask,Pueblo Libre,0,1,0,0,0,0,1,48,NA,NA,NA
Moro,Ninguna,1,1,1,0,0,0,0,3,NA,NA,NA
Morra,Martell,0,0,0,0,0,1,0,40,NA,NA,NA
Morrec,Lannister,1,0,1,0,0,0,0,13,298,1,31
Morros Slynt,Lannister,1,1,0,1,1,0,0,2,NA,NA,NA
Mors Manwoody,Martell,1,1,0,0,1,0,0,38,NA,NA,NA
Mors Umber,Stark,1,1,0,1,0,0,0,21,NA,NA,NA
Morton Waynwood,Arryn,1,1,1,0,0,0,0,40,NA,NA,NA
Mudge (miller),Ninguna,1,0,0,0,1,0,0,34,299,3,34
Mully,Guardia de la Noche,1,0,0,0,1,1,1,55,NA,NA,NA
Munciter,Lannister,1,0,0,1,0,0,0,20,NA,NA,NA
Murch,Guardia de la Noche,1,0,0,1,0,0,0,9,NA,NA,NA
Murch (Winterfell),Stark,1,0,0,1,0,0,0,50,NA,NA,NA
Mossador,Targaryen,1,0,0,0,1,0,1,11,300,5,11
Murenmure,Greyjoy,1,0,0,0,0,1,0,1,NA,NA,NA
Muttering Bill,Guardia de la Noche,1,0,0,0,1,0,1,NA,300,5,4
Mya Stone,Arryn,0,0,1,0,0,1,0,34,NA,NA,NA
Mycah,Stark,1,0,1,0,0,0,0,15,298,1,16
Myles,Martell,1,0,0,0,0,1,1,2,NA,NA,NA
Myles Manwoody,Martell,1,1,0,0,1,0,0,38,NA,NA,NA
Myranda Royce,Arryn,0,1,0,0,0,1,0,41,NA,NA,NA
Myrcella Baratheon,Lannister,0,1,1,1,0,1,0,5,NA,NA,NA
Myria Jordayne,Martell,0,0,0,0,1,0,1,38,NA,NA,NA
Myrtle,Pueblo Libre,0,0,0,0,0,0,1,37,300,5,69
Nage,Ninguna,1,0,0,0,1,0,0,44,NA,NA,NA
Myles,Tully,1,0,0,1,0,0,0,39,299,2,39
Nan,Stark,0,0,1,1,0,0,0,1,NA,NA,NA
Narbert,Ninguna,1,0,0,0,0,1,0,31,NA,NA,NA
Nestor Royce,Arryn,1,1,1,0,0,1,0,34,NA,NA,NA
Nolla,Ninguna,0,0,0,0,1,0,0,34,299,3,34
Norjen,Greyjoy,1,0,0,0,0,1,0,1,NA,NA,NA
Nurse,Ninguna,1,0,0,0,0,0,1,57,300,5,57
Notch,Ninguna,1,0,0,0,1,0,0,43,NA,NA,NA
Nute,Greyjoy,1,0,0,0,0,1,0,18,NA,NA,NA
Nymella Toland,Martell,0,1,0,0,0,0,1,38,NA,NA,NA
Nymeria Sand,Martell,0,1,0,0,0,1,1,2,NA,NA,NA
Obara Sand,Martell,0,1,0,0,0,1,1,2,NA,NA,NA
Oberyn Martell,Martell,1,1,0,0,1,0,0,38,300,3,70
Ogo,Ninguna,1,1,1,0,0,0,0,46,298,1,61
Old Henly,Guardia de la Noche,1,0,0,0,1,0,0,55,299,3,55
Olenna Redwyne,Tyrell,0,1,0,0,1,1,0,19,NA,NA,NA
Ollo Lophand,Guardia de la Noche,1,0,0,0,1,0,1,0,300,5,4
Olyvar Frey,Ninguna,1,1,1,0,0,0,0,59,NA,NA,NA
Ondrew Locke,Stark,1,1,0,0,0,0,1,37,NA,NA,NA
Oppo,Ninguna,1,0,0,0,1,1,0,60,300,4,17
Orell,Pueblo Libre,1,0,0,1,0,0,0,51,299,2,51
Orphan Oss,Guardia de la Noche,1,0,0,0,1,0,1,NA,300,5,4
Orton Merryweather,Lannister,1,1,0,0,1,1,0,11,NA,NA,NA
Osfryd Kettleblack,Lannister,1,1,0,1,1,1,0,41,NA,NA,NA
Osha,Stark,0,0,1,1,0,0,0,37,NA,NA,NA
Osmund Kettleblack,Lannister,1,1,0,1,1,1,0,41,NA,NA,NA
Osney Kettleblack,Lannister,1,1,0,1,1,1,0,41,NA,NA,NA
Ossy,Arryn,1,0,0,0,0,1,0,41,NA,NA,NA
Oswell Kettleblack,Ninguna,1,1,0,0,1,0,0,68,NA,NA,NA
Othell Yarwyck,Guardia de la Noche,1,0,1,0,1,0,1,48,NA,NA,NA
Ottyn Wythers,Guardia de la Noche,1,0,0,1,1,0,0,13,299,3,48
Owen,Guardia de la Noche,1,0,0,0,1,0,1,55,NA,NA,NA
Owen Norrey,Tully,1,1,0,0,1,0,0,51,299,3,51
Oznak zo Pahl,Ninguna,1,1,0,0,1,0,0,57,299,3,57
Palla,Stark,0,0,0,1,0,0,0,46,NA,NA,NA
Parmen Crane,Baratheon,1,1,0,1,0,0,0,22,NA,NA,NA
Patchface,Baratheon,1,0,0,1,1,0,1,0,NA,NA,NA
Pate (novice),Ninguna,1,0,0,0,0,1,0,0,300,4,0
Pate (Lancewood),Ninguna,1,0,0,0,1,0,0,34,299,3,34
Pate (Night's Watch),Guardia de la Noche,1,0,1,0,0,0,0,60,NA,NA,NA
Pate (Old),Ninguna,1,0,0,0,1,0,0,13,NA,NA,34
Patrek of King's Mountain,Baratheon,1,1,0,0,0,0,1,44,300,5,69
Patrek Mallister,Tully,1,1,1,0,1,0,0,28,NA,NA,NA
Paxter Redwyne,Tyrell,1,1,0,1,1,1,0,65,NA,NA,NA
Pello,Ninguna,1,0,0,0,1,0,0,17,NA,NA,NA
Penny,Ninguna,0,0,0,0,1,0,1,60,NA,NA,NA
Perros Blackmont,Martell,1,1,0,0,1,0,0,38,NA,NA,NA
Perwyn Frey,Ninguna,1,1,1,1,0,0,0,29,NA,NA,NA
Petyr Baelish,Ninguna,1,0,1,1,1,1,0,18,NA,NA,NA
Petyr Frey,Ninguna,1,1,0,0,1,0,0,49,300,3,NA
Philip Foote,Lannister,1,1,0,1,1,0,0,65,NA,NA,NA
Pia,Ninguna,0,0,0,1,0,1,0,30,NA,NA,NA
Podrick Payne,Lannister,1,1,1,1,1,1,0,62,NA,NA,NA
Polliver,Ninguna,1,0,0,1,1,0,0,26,300,3,27
Pono,Ninguna,1,1,1,0,0,0,0,68,NA,NA,NA
Porridge,Baratheon,1,0,0,0,1,0,0,25,NA,NA,NA
Porther,Stark,1,0,1,1,0,0,0,22,299,2,21
Poul Pemford,Tully,1,0,0,1,0,0,0,39,299,2,39
Poxy Tym,Stark,1,0,0,1,0,0,0,16,299,2,69
Praed,Ninguna,1,0,0,1,0,0,0,5,299,2,9
Prendahl na Ghezn,Ninguna,1,0,0,0,1,0,0,42,299,3,42
Preston Greenfield,Baratheon,1,0,1,1,0,0,0,43,299,2,41
Pyat Pree,Ninguna,1,1,0,1,0,0,0,12,NA,NA,NA
Pycelle,Lannister,1,0,1,1,1,1,1,20,300,5,NA
Pyg,Ninguna,1,0,0,0,1,1,0,20,300,4,20
Pylos,Baratheon,1,0,0,1,1,0,0,0,NA,NA,NA
Pypar,Guardia de la Noche,1,0,1,0,1,1,1,19,NA,NA,NA
Qarl Shepherd,Greyjoy,1,0,0,0,0,0,1,26,NA,NA,NA
Qarl the Maid,Greyjoy,1,0,0,1,0,1,1,42,NA,NA,NA
Qezza,Ninguna,0,0,0,0,0,0,1,2,NA,NA,NA
Qhorin Halfhand,Guardia de la Noche,1,0,0,1,0,0,0,43,299,2,68
Qotho,Ninguna,1,0,1,0,0,0,0,11,298,1,61
Quaithe,Ninguna,0,1,0,1,1,0,1,12,NA,NA,NA
Quaro,Targaryen,1,0,1,0,0,0,0,50,298,1,64
Quellon Humble,Greyjoy,1,1,0,0,0,1,0,18,NA,NA,NA
Quent,Stark,1,0,1,0,0,0,0,37,NA,NA,NA
Quenten Banefort,Lannister,1,1,0,0,0,1,0,16,NA,NA,NA
Quentyn Martell,Martell,1,1,0,0,0,0,1,6,300,5,70
Quhuru Mo,Ninguna,1,0,0,1,0,1,0,27,NA,NA,NA
Qyburn,Lannister,1,0,0,1,1,1,1,64,NA,NA,NA
Quort,Pueblo Libre,1,0,0,0,1,0,0,41,299,3,55
Qyle,Guardia de la Noche,1,0,0,1,0,0,0,2,299,2,2
Rafford,Ninguna,1,0,0,1,0,1,0,19,NA,NA,NA
Ragnor Pyke,Greyjoy,1,0,0,0,0,1,0,29,NA,NA,NA
Ragwyle,Pueblo Libre,0,0,0,1,0,0,0,68,NA,NA,NA
Rakharo,Targaryen,1,0,1,1,1,0,1,54,NA,NA,NA
Ralf Kenning,Greyjoy,1,0,0,0,0,1,1,18,300,5,20
Ralf Stonehouse,Greyjoy,1,1,0,0,0,0,1,18,NA,NA,NA
Ralf the Limper,Greyjoy,1,0,0,0,0,1,1,18,NA,NA,NA
Ramsay Snow,Ninguna,1,1,0,1,0,0,1,16,NA,NA,NA
Randa,Ninguna,0,0,0,0,1,0,0,34,299,3,34
Randyll Tarly,Tyrell,1,1,0,1,0,1,1,22,NA,NA,NA
Rast,Guardia de la Noche,1,0,1,0,1,0,0,55,299,3,26
Ravella Swann,Tully,0,1,0,0,1,0,0,22,NA,NA,NA
Raymar Royce,Arryn,1,1,0,0,1,0,0,45,NA,NA,NA
Raymun Darry,Targaryen,1,1,1,0,0,0,0,16,298,1,55
Raymund Frey,Ninguna,1,1,0,0,1,0,0,49,NA,NA,NA
Raynald Westerling,Stark,1,1,0,0,1,1,0,14,299,3,44
Red Alyn,Guardia de la Noche,1,0,0,0,1,0,0,55,300,3,69
Red Rolfe,Greyjoy,1,0,0,1,0,0,0,66,299,2,66
Reek,Ninguna,1,0,0,1,0,0,0,16,299,2,35
Renly Baratheon,Baratheon,1,1,1,1,0,0,0,15,299,2,33
Reysen,Guardia de la Noche,1,0,0,1,0,0,0,5,NA,NA,NA
Reznak mo Reznak,Ninguna,1,1,0,0,0,0,1,2,NA,NA,NA
Rhaegar Frey,Ninguna,1,1,0,0,0,0,1,19,300,5,29
Rhogoro,Ninguna,1,1,1,0,0,0,0,3,NA,NA,NA
Ricasso,Martell,1,0,0,0,0,1,1,2,NA,NA,NA
Richard Horpe,Baratheon,1,1,0,0,0,0,1,17,NA,NA,NA
Rickard Karstark,Stark,1,1,1,1,1,0,0,53,299,3,20
Rickard Ryswell,Stark,1,1,0,0,0,0,1,20,NA,NA,NA
Rickon Stark,Stark,1,1,1,1,0,0,0,7,NA,NA,NA
Rigney,Ninguna,1,0,0,0,0,1,0,11,NA,NA,NA
Robar Royce,Baratheon,1,1,1,1,1,0,0,29,299,2,6
Robb Stark,Stark,1,1,1,1,1,0,0,1,299,3,51
Robert Baratheon,Baratheon,1,1,1,0,0,0,0,4,298,1,47
Robert Arryn,Arryn,1,1,1,0,1,1,0,40,NA,NA,NA
Robett Glover,Stark,1,1,1,1,0,0,1,53,NA,NA,NA
Robin Flint,Stark,1,1,1,1,1,0,0,63,299,3,51
Robin Moreland,Lannister,1,1,0,0,0,1,0,16,NA,NA,NA
Robin Ryger,Tully,1,1,0,1,1,1,0,7,NA,NA,NA
Rodrik Cassel,Stark,1,1,1,1,0,0,0,7,299,2,66
Rodrik Harlaw,Greyjoy,1,1,0,0,0,1,0,11,NA,NA,NA
Rodrik Ryswell,Ninguna,1,1,0,0,0,0,1,32,NA,NA,NA
Roger Hogg,Lannister,1,1,0,0,0,1,0,27,NA,NA,NA
Roger Ryswell,Stark,1,1,0,0,0,0,1,20,NA,NA,NA
Roland Crakehall (Lord),Lannister,1,1,0,1,0,0,0,32,NA,NA,NA
Rolder,Lannister,1,0,0,0,0,1,0,21,NA,NA,NA
Rolfe,Greyjoy,1,0,0,1,0,0,0,24,NA,NA,NA
Rollam Westerling,Stark,1,1,0,0,1,0,0,14,NA,NA,NA
Rolfe the Dwarf,Greyjoy,1,0,0,0,0,0,1,26,300,5,26
Rolley,Guardia de la Noche,1,0,0,0,1,0,0,0,299,3,33
Rolly Duckfield,Targaryen,1,0,0,0,0,0,1,8,NA,NA,NA
Rolph Spicer,Lannister,1,1,0,0,1,0,0,14,NA,NA,NA
Romny Weaver,Greyjoy,1,1,0,0,0,1,0,18,NA,NA,NA
Ronald Storm,Ninguna,1,0,0,0,0,0,1,61,NA,NA,NA
Ronnel Harclay,Guardia de la Noche,1,1,0,0,1,0,0,48,NA,NA,NA
Ronnet Connington,Baratheon,1,1,0,1,0,1,1,22,NA,NA,NA
Roose Bolton,Stark,1,1,1,1,1,0,1,33,NA,NA,NA
Roose Ryswell,Ninguna,1,1,0,0,0,0,1,32,NA,NA,NA
Rorge,Ninguna,1,0,0,1,1,1,0,1,300,4,37
Roslin Frey,Ninguna,0,1,0,0,1,0,0,35,NA,NA,NA
Rowan,Pueblo Libre,1,0,0,0,0,0,1,37,300,5,69
Rudge,Guardia de la Noche,1,0,1,0,0,0,0,60,NA,NA,NA
Rusty Flowers,Guardia de la Noche,1,0,0,0,0,0,1,7,NA,NA,NA
Ryger Rivers,Ninguna,1,0,1,0,0,0,0,59,NA,NA,NA
Ryk,Pueblo Libre,1,0,0,0,1,0,0,7,NA,NA,NA
Rupert Brax,Lannister,1,0,0,1,0,0,0,32,299,2,32
Ryman Frey,Ninguna,1,1,0,0,1,1,0,14,300,4,44
Rymolf Stormdrunk,Greyjoy,1,0,0,1,0,0,0,24,NA,NA,NA
Ryon Allyrion,Martell,1,1,0,0,1,0,1,38,NA,NA,NA
Salladhor Saan,Baratheon,1,1,0,1,1,0,0,0,NA,NA,NA
Sallor,Ninguna,1,0,0,0,1,0,0,42,299,3,42
Samwell Tarly,Guardia de la Noche,1,1,1,1,1,1,1,70,NA,NA,NA
Sandor Clegane,Ninguna,1,1,1,1,1,1,0,7,300,4,31
Sawane Botley,Greyjoy,1,1,0,0,0,1,0,1,299,4,18
Sansa Stark,Stark,0,1,1,1,1,1,0,7,NA,NA,NA
Sarella Sand,Martell,0,0,0,0,0,1,0,2,NA,NA,NA
Sarra Frey,Ninguna,0,1,0,0,1,0,0,49,NA,NA,NA
Satin,Guardia de la Noche,1,0,0,1,1,0,1,6,NA,NA,NA
Sawwood,Guardia de la Noche,1,0,0,0,1,0,0,0,NA,NA,NA
Sedgekins,Ninguna,1,0,0,0,1,0,0,50,NA,NA,NA
Selyse Florent,Baratheon,0,1,0,1,1,0,1,0,NA,NA,NA
Senelle,Lannister,0,0,0,0,0,1,0,3,300,4,24
Serra Frey,Ninguna,0,1,0,0,1,0,0,49,NA,NA,NA
Shadrich,Ninguna,1,0,0,0,0,1,0,4,NA,NA,NA
Shae,Lannister,0,0,1,1,1,0,0,62,300,3,77
Shagga,Lannister,1,0,1,1,0,0,0,39,NA,NA,NA
Shagwell,Ninguna,1,0,0,1,1,1,0,30,300,4,20
Sharna,Ninguna,0,0,0,0,1,0,0,11,NA,NA,NA
Shireen Baratheon,Baratheon,0,1,0,1,1,0,1,0,NA,NA,NA
Shirei Frey,Ninguna,0,1,0,0,1,0,0,49,NA,NA,NA
Shyra Errol,Baratheon,0,1,0,1,0,0,0,42,300,4,NA
Sigfry Stonetree,Greyjoy,1,1,0,0,0,1,0,19,NA,NA,NA
Skahaz mo Kandaq,Ninguna,1,1,0,0,0,0,1,2,NA,NA,NA
Skinner,Ninguna,1,0,0,0,0,0,1,12,NA,NA,NA
Small Paul,Guardia de la Noche,1,0,0,0,1,0,0,0,299,3,18
Softfoot,Guardia de la Noche,1,0,0,0,1,0,0,0,299,3,18
Sour Alyn,Ninguna,1,0,0,0,0,0,1,12,NA,NA,NA
Spare Boot,Guardia de la Noche,1,0,0,0,1,0,0,55,NA,NA,NA
Spotted Cat,Ninguna,1,0,0,0,0,0,1,11,NA,NA,NA
Spotted Pate of Maidenpool,Guardia de la Noche,1,0,0,0,1,0,0,0,299,3,55
Squint,Greyjoy,1,0,0,1,0,0,0,50,299,2,50
Squirrel,Pueblo Libre,0,0,0,0,0,0,1,37,300,5,69
Stalwart Shield,Targaryen,1,0,0,0,0,0,1,2,300,5,2
Steelskin,Ninguna,1,0,0,0,0,0,1,11,NA,NA,NA
Steffon Swyft,Lannister,1,1,0,0,0,1,0,27,NA,NA,NA
Stevron Frey,Stark,1,1,1,1,0,0,0,59,299,2,35
Stiv,Pueblo Libre,1,0,1,0,0,0,0,37,298,1,37
Stone Thumbs,Pueblo Libre,1,0,0,0,1,0,0,41,299,3,55
Stonesnake,Guardia de la Noche,1,0,0,1,0,0,0,43,NA,NA,NA
Stygg,Greyjoy,1,0,0,1,0,0,0,37,NA,NA,NA
Styr,Pueblo Libre,1,1,0,0,1,0,0,7,300,3,26
Sybassion,Ninguna,1,0,0,1,0,0,0,63,NA,NA,NA
Sybell Spicer,Lannister,0,1,0,0,1,1,0,14,NA,NA,NA
Sybelle Glover,Stark,0,1,0,0,0,0,1,26,NA,NA,NA
Sylva Santagar,Martell,0,1,0,0,0,1,0,21,NA,NA,NA
Symon Silver Tongue,Lannister,1,0,0,1,1,0,0,44,299,3,32
Symon Stripeback,Targaryen,1,0,0,0,0,0,1,70,NA,NA,NA
Symond Frey,Ninguna,1,1,0,0,0,0,1,19,300,5,29
Symond Templeton,Arryn,1,1,0,0,0,1,0,10,NA,NA,NA
Syrio Forel,Stark,1,0,1,0,0,0,0,22,298,1,50
Taena of Myr,Lannister,0,1,0,0,1,1,0,6,NA,NA,NA
Tal Toraq,Targaryen,1,0,0,0,0,0,1,70,NA,NA,NA
Tallad,Lannister,1,0,0,1,1,1,0,17,NA,NA,NA
Tanda Stokeworth,Lannister,0,1,0,1,1,0,0,2,300,4,32
Tanton Fossoway,Baratheon,1,1,0,1,0,0,0,22,NA,NA,NA
Ternesio Terys,Ninguna,1,0,0,0,1,0,0,74,NA,NA,NA
Terrance Lynderly,Arryn,1,1,0,0,0,1,0,41,NA,NA,NA
The Red Lamb,Targaryen,1,0,0,0,0,0,1,67,NA,NA,NA
Theo Frey,Ninguna,1,1,1,0,0,0,0,29,NA,NA,NA
Theodan Wells,Stark,1,1,0,0,0,1,1,43,NA,NA,NA
Theomore Lannister,Ninguna,1,1,0,0,0,0,1,19,NA,NA,NA
Theon Greyjoy,Greyjoy,1,1,1,1,0,0,1,1,NA,NA,NA
Thistle,Pueblo Libre,0,0,0,0,0,0,1,0,300,5,0
Thoren Smallwood,Guardia de la Noche,1,1,0,1,1,0,0,6,299,3,18
Thoros,Ninguna,1,0,1,0,1,1,0,29,NA,NA,NA
Three Toes,Ninguna,1,0,0,0,1,0,0,44,NA,NA,NA
Three-Tooth,Greyjoy,0,0,0,0,0,1,0,11,NA,NA,NA
Tickler,Lannister,1,0,0,1,1,0,0,26,300,3,74
Tim Tangletongue,Guardia de la Noche,1,0,0,0,1,0,0,69,NA,NA,NA
Timeon,Ninguna,1,0,0,0,1,1,0,21,300,4,20
Timett,Lannister,1,0,1,1,0,0,0,56,NA,NA,NA
Timon,Baratheon,1,0,0,1,0,0,0,65,NA,NA,NA
Tion Frey,Lannister,0,1,0,0,1,0,0,20,299,3,20
Tobho Mott,Ninguna,1,0,1,0,1,0,0,27,NA,NA,NA
Todder,Guardia de la Noche,1,0,1,0,1,0,1,19,NA,NA,NA
Todric,Greyjoy,1,0,0,1,0,0,0,37,299,2,37
Tom of Sevenstreams,Ninguna,1,0,0,0,1,1,0,13,NA,NA,NA
Tomard,Stark,1,0,1,0,0,0,0,22,298,1,49
Tormund,Pueblo Libre,1,1,0,0,1,0,1,7,NA,NA,NA
Torrek,Ninguna,1,0,1,0,0,0,0,42,NA,NA,NA
Torrhen Karstark,Stark,1,1,1,0,0,0,0,53,298,1,63
Tothmure,Lannister,1,0,0,1,0,0,0,30,299,2,64
Tregar,Lannister,1,0,1,0,0,0,0,35,298,1,39
Tremond Gargalen,Martell,1,1,0,0,1,0,1,38,NA,NA,NA
Tristifer Botley,Greyjoy,1,1,0,0,0,1,1,11,NA,NA,NA
Triston Sunderland,Lannister,1,1,0,0,0,0,1,9,NA,NA,NA
Tuffleberry,Ninguna,1,0,0,1,0,0,0,38,NA,NA,NA
Tumberjon,Guardia de la Noche,1,0,0,0,1,0,0,0,NA,NA,NA
Tumco Lho,Targaryen,1,0,0,0,0,0,1,67,NA,NA,NA
Tybero Istarion,Ninguna,1,0,0,0,0,0,1,66,NA,NA,NA
Tycho Nestoris,Ninguna,1,0,0,0,0,0,1,44,NA,NA,NA
Tyene Sand,Martell,0,1,0,0,0,1,1,38,NA,NA,NA
Tymor,Greyjoy,1,0,0,1,0,0,0,37,299,2,66
Tyrek Lannister,Lannister,1,1,1,1,0,0,0,30,299,2,41
Tyrion Lannister,Lannister,1,1,1,1,1,0,1,4,NA,NA,NA
Tyta Frey,Ninguna,0,1,0,0,1,0,0,49,NA,NA,NA
Tytos Blackwood,Tully,1,1,1,0,1,0,1,56,NA,NA,NA
Tytos Brax,Lannister,1,1,1,1,0,0,0,63,NA,NA,NA
Tytos Frey,Ninguna,1,1,0,0,1,0,0,NA,299,3,NA
Tywin Lannister,Lannister,1,1,1,1,1,0,0,42,300,3,77
Ulf son of Umar,Lannister,1,0,1,0,0,0,0,56,298,1,62
Ulf the Ill,Greyjoy,1,0,0,1,0,0,0,66,299,2,66
Ulmer,Guardia de la Noche,1,0,0,0,1,0,1,33,NA,NA,NA
Ulwyck Uller,Martell,1,1,0,0,1,0,1,38,NA,NA,NA
Umar,Ninguna,1,0,1,0,0,0,0,56,NA,NA,NA
Umfred,Ninguna,1,0,0,0,1,0,0,68,NA,NA,NA
Unella,Ninguna,1,0,0,0,0,1,0,43,NA,NA,NA
Urreg,Guardia de la Noche,1,0,0,1,0,0,0,14,299,2,19
Urswyck,Ninguna,1,0,0,0,1,0,0,21,NA,NA,NA
Utherydes Wayn,Tully,1,0,1,1,1,0,0,71,NA,NA,NA
Utt,Ninguna,1,0,0,1,1,0,0,30,299,3,39
Val,Pueblo Libre,0,0,0,0,1,0,1,7,NA,NA,NA
Varamyr,Pueblo Libre,1,0,0,0,1,0,1,15,300,5,0
Vardis Egen,Arryn,1,0,1,0,0,0,0,34,298,1,40
Vargo Hoat,Ninguna,1,0,0,1,1,0,0,30,300,3,20
Varys,Targaryen,1,0,1,1,1,0,1,25,NA,NA,NA
Vayon Poole,Stark,1,0,1,1,0,0,0,7,298,1,21
Victarion Greyjoy,Greyjoy,1,1,0,1,0,1,1,24,NA,NA,NA
Viserys Targaryen,Targaryen,1,1,1,0,0,0,0,3,298,1,46
Vylarr,Lannister,1,0,0,1,0,0,0,3,NA,NA,NA
Vyman,Tully,1,0,0,1,1,1,0,55,NA,NA,NA
Waif,Ninguna,0,0,0,0,0,1,1,6,NA,NA,NA
Walda Rivers (daughter of Aemon),Ninguna,0,1,0,0,1,0,0,49,NA,NA,NA
Walder Frey,Ninguna,1,1,1,0,1,0,0,28,NA,NA,NA
Walder Rivers,Ninguna,1,1,0,0,1,1,0,35,NA,NA,NA
Wallen,Pueblo Libre,1,0,1,0,0,0,0,37,298,1,37
Walton,Ninguna,1,0,0,1,1,0,1,64,NA,NA,NA
Wat (orphan),Ninguna,1,0,0,0,0,1,0,37,NA,NA,NA
Wat (sailor),Ninguna,1,0,0,0,0,1,0,34,NA,NA,NA
Watt,Guardia de la Noche,1,0,0,0,1,0,0,69,299,3,75
Watty,Ninguna,1,0,0,0,1,0,0,39,NA,NA,NA
Waymar Royce,Guardia de la Noche,1,1,1,0,0,0,0,0,297,1,0
Wayn (guard),Stark,1,0,1,0,0,0,0,37,NA,NA,NA
Weasel,Ninguna,0,0,0,1,0,0,0,9,NA,NA,NA
Weeper,Pueblo Libre,1,1,0,0,1,0,0,7,NA,NA,NA
Weese,Lannister,1,0,0,1,0,0,0,26,299,2,38
Wendel Manderly,Stark,1,1,1,1,1,0,0,55,299,3,51
Wendello Qar Deeth,Ninguna,1,1,0,1,0,0,0,40,NA,NA,NA
Werlag,Greyjoy,1,0,0,1,0,0,0,37,299,2,66
Wex Pyke,Stark,1,0,0,1,0,0,1,24,NA,NA,NA
Whalen Frey,Ninguna,1,1,1,0,1,0,0,59,NA,NA,NA
Wilbert,Stark,1,0,0,0,1,0,0,29,298,3,29
Will,Guardia de la Noche,1,0,1,0,0,0,0,0,297,1,0
Will (orphan),Ninguna,1,0,0,0,0,1,0,37,NA,NA,NA
Willam Wells,Martell,1,0,0,0,0,0,1,6,300,5,6
Willem Lannister,Lannister,1,1,0,0,1,0,0,19,299,3,20
William Mooton,Tully,1,1,0,0,0,1,0,14,NA,NA,NA
Willis Wode,Arryn,1,1,1,0,0,0,0,31,NA,NA,NA
Willit,Lannister,1,0,0,1,0,0,0,65,NA,NA,NA
Willow Witch-eye,Pueblo Libre,0,0,0,0,0,0,1,37,300,5,69
Willum,Tully,1,0,1,0,0,0,0,43,NA,NA,NA
Woth,Guardia de la Noche,1,0,0,1,0,0,0,14,299,2,14
Wulfe,Greyjoy,1,0,0,0,0,1,1,29,NA,NA,NA
Wun Weg Wun Dar Wun,Pueblo Libre,1,0,0,0,0,0,1,35,NA,NA,NA
Wyl (guard),Stark,1,0,1,0,0,0,0,35,298,1,35
Wyl the Whittler,Ninguna,1,0,0,0,1,0,0,34,299,3,34
Wylis Manderly,Stark,1,1,1,1,0,1,0,55,NA,NA,NA
Wylla Manderly,Stark,0,1,0,0,0,0,1,19,NA,NA,NA
Wyman Manderly,Stark,1,1,0,1,0,0,1,16,NA,NA,NA
Wynafryd Manderly,Stark,1,1,0,0,0,0,1,19,NA,NA,NA
Wynton Stout,Guardia de la Noche,1,0,0,0,1,0,0,41,NA,NA,NA
Xaro Xhoan Daxos,Ninguna,1,1,0,1,0,0,1,12,NA,NA,NA
Xhondo,Ninguna,1,0,0,0,0,1,0,26,NA,NA,NA
Yandry,Targaryen,1,0,0,0,0,0,1,8,NA,NA,NA
Yellow Dick,Ninguna,1,0,0,0,0,0,1,12,300,5,46
Ygon Farwynd,Greyjoy,1,1,0,0,0,1,0,19,NA,NA,NA
Ygritte,Pueblo Libre,0,0,0,1,1,0,0,51,299,3,55
Yohn Farwynd,Greyjoy,1,1,0,0,0,1,0,19,NA,NA,NA
Yohn Royce,Arryn,1,1,1,0,0,1,0,29,NA,NA,NA
Yoren,Guardia de la Noche,1,0,1,1,0,0,0,13,299,2,19
Young Henly,Guardia de la Noche,1,0,0,0,1,0,0,55,299,3,55
Ysilla,Targaryen,1,0,0,0,0,0,1,8,NA,NA,NA
Zei,Stark,0,0,0,0,1,0,0,64,NA,NA,NA
Zollo,Ninguna,1,0,0,0,1,0,0,21,NA,NA,NA
Yurkhaz zo Yunzak,Ninguna,1,0,0,0,0,0,1,47,300,5,59
Yezzan Zo Qaggaz,Ninguna,1,1,0,0,0,0,1,25,300,5,57
Torwynd the Tame,Pueblo Libre,1,0,0,0,1,0,0,73,300,5,73
Talbert Serry,Tyrell,1,1,0,0,0,1,0,29,300,4,29
